player_id,full_name
8446485,Kris Draper
8448208,Jaromir Jagr
8449645,Mike Modano
8450725,Mark Recchi
8455710,Martin Brodeur
8455919,Craig Conroy
8456283,Adam Foote
8457063,Nicklas Lidstrom
8457981,Teemu Selanne
8458361,Doug Weight
8458520,Peter Forsberg
8458525,Brian Rolston
8458529,Alex Kovalev
8458537,Ray Whitney
8458541,Steve Staios
8458543,Jassen Cullimore
8458568,Chris Osgood
8458590,Mike Knuble
8458637,Sean O'Donnell
8458938,Roman Hamrlik
8458943,Cory Stillman
8458951,Sergei Gonchar
8459004,Craig Rivet
8459053,Adrian Aucoin
8459140,Nikolai Khabibulin
8459306,Robbie Tallas
8459424,Chris Pronger
8459427,Rob Niedermayer
8459429,Jason Arnott
8459442,Saku Koivu
8459444,Todd Bertuzzi
8459454,Jay Pandolfo
8459457,Jamie Langenbrunner
8459461,Brendan Morrison
8459462,Bryan McCabe
8459492,Vinny Prospal
8459514,Jamal Mayers
8459579,Patrick Lalime
8459587,Todd Marchant
8459596,Andrew Brunette
8459628,Hal Gill
8459640,Mike Grier
8459670,Kimmo Timonen
8459687,Scott Nichol
8460465,Petr Sykora
8460492,Ed Jovanovski
8460496,Ryan Smyth
8460502,Wade Belak
8460503,Mattias Ohlund
8460504,Ethan Moreau
8460527,Ryan Johnson
8460533,Dave Scatchard
8460535,Jose Theodore
8460541,Richard Park
8460542,Patrik Elias
8460555,Jason Strudwick
8460556,Freddy Modin
8460561,Sheldon Souray
8460562,Chris Drury
8460567,Chris Clark
8460577,Milan Hejduk
8460580,Brad Lukowich
8460612,Marty Turco
8460621,Daniel Alfredsson
8460626,Bryce Salvador
8460661,Shane Hnidy
8460703,Tim Thomas
8460704,Johan Hedberg
8460705,Evgeni Nabokov
8460712,Tomas Vokoun
8460715,John Grahame
8460719,Steve Sullivan
8460720,Eric Boulton
8460743,Tomas Holmstrom
8460806,Dwayne Roloson
8462033,Wade Redden
8462036,Daymond Langkow
8462038,Shane Doan
8462041,Radek Dvorak
8462042,Jarome Iginla
8462044,Jean-Sebastien Giguere
8462047,Martin Biron
8462052,Brian Boucher
8462077,Jochen Hecht
8462093,Peter Schaefer
8462118,Marc Savard
8462129,Michal Handzus
8462147,Miikka Kiprusoff
8462152,Chris Mason
8462161,Brent Johnson
8462176,Brent Sopel
8462196,Stephane Robidas
8462225,Filip Kuba
8462535,Jody Shelley
8464956,Chris Phillips
8464957,J-P Dumont
8464962,Ruslan Salei
8464966,Derek Morris
8464967,Marty Reasoner
8464975,Daniel Brière
8464977,Dainius Zubrus
8464979,Marco Sturm
8464981,Cory Sarich
8464984,Josh Green
8464989,Matt Cullen
8464994,Steve Begin
8464999,Mathieu Garon
8465005,Colin White
8465009,Zdeno Chara
8465012,Tom Poti
8465024,Jon Sim
8465025,Arron Asham
8465026,Mark Parrish
8465042,Toni Lydman
8465050,Eric Belanger
8465056,Trent Whitfield
8465058,Michal Rozsival
8465059,Matt Bradley
8465113,Brian Willsie
8465122,Brett Clark
8465166,Craig Adams
8465170,Fernando Pisani
8465185,Willie Mitchell
8465192,Samuel Pahlsson
8465200,Tomas Kaberle
8465202,Sami Salo
8465210,Pavel Kubina
8465914,Francis Bouillon
8465951,Matt Cooke
8465978,Shawn Thornton
8466035,Sergei Samsonov
8466138,Joe Thornton
8466139,Patrick Marleau
8466140,Olli Jokinen
8466141,Roberto Luongo
8466142,Eric Brewer
8466144,Paul Mara
8466145,Nick Boynton
8466148,Marian Hossa
8466149,Daniel Cleary
8466158,Scott Hannan
8466160,Brenden Morrow
8466181,Kristian Huselius
8466182,Henrik Tallinder
8466212,Francis Lessard
8466215,Joe Corvo
8466216,Adam Mair
8466251,Jason Chimera
8466285,Brian Campbell
8466309,Mike Mottau
8466333,Andrew Ference
8466339,Scott Clemmensen
8466371,John Madden
8466378,Martin St. Louis
8466392,Todd White
8466393,Pascal Dupuis
8466398,Tom Kostopoulos
8467096,Dan Boyle
8467304,Andy Sutton
8467329,Vincent Lecavalier
8467330,David Legwand
8467331,Brad Stuart
8467332,Bryan Allen
8467334,Manny Malhotra
8467335,Mark Bell
8467336,Mike Rupp
8467338,Alex Tanguay
8467344,Robyn Regehr
8467346,Simon Gagne
8467351,Scott Gomez
8467353,Nik Antropov
8467361,Blair Betts
8467365,John Erskine
8467370,Mike Fisher
8467371,Mike Ribeiro
8467389,Brad Richards
8467391,Jason LaBarbera
8467393,Jarkko Ruutu
8467396,Erik Cole
8467400,Francois Beauchemin
8467407,Brian Gionta
8467408,Matt Walker
8467412,Alexei Ponikarovsky
8467423,Shawn Horcoff
8467428,Krys Barch
8467430,Dany Sabourin
8467436,Jay Leach
8467439,Jaroslav Spacek
8467452,Rob Scuderi
8467453,Andrew Raycroft
8467463,Mikael Samuelsson
8467466,Trent Hunter
8467478,Kent Huskins
8467493,Chris Neil
8467496,Andrei Markov
8467502,Ales Kotalik
8467511,Antero Niittymaki
8467514,Pavel Datsyuk
8467519,Karlis Skrastins
8467543,Toby Petersen
8467545,Michael Ryder
8467579,Trevor Gillies
8467580,Mark Eaton
8467831,Jeff Halpern
8467844,Jason Blake
8467856,Brian Rafalski
8467875,Daniel Sedin
8467876,Henrik Sedin
8467878,Tim Connolly
8467881,Taylor Pyatt
8467890,Barret Jackman
8467899,Martin Havlat
8467906,Jonas Andersson
8467910,Nolan Yonkman
8467913,Alex Auld
8467915,Mike Commodore
8467917,Jordan Leopold
8467925,Adam Hall
8467927,Andrew Hutchinson
8467928,Doug Janik
8467931,Matt Carkner
8467937,Mike Zigomanis
8467943,Niklas Hagman
8467950,Craig Anderson
8467959,Sebastien Caron
8467964,Mike Comrie
8467967,Chris Kelly
8467972,Rob Zepp
8467977,Brian McGrattan
8467988,Ryan Malone
8468001,Derek MacKenzie
8468011,Ryan Miller
8468038,Michael Leighton
8468064,Martin Erat
8468083,Henrik Zetterberg
8468085,Radim Vrbata
8468086,Alexandre Giroux
8468095,George Parros
8468101,Radek Martinek
8468114,Douglas Murray
8468162,Jerred Smithson
8468166,Curtis Sanford
8468172,Ruslan Fedotenko
8468208,Joel Ward
8468213,Jim Vandermeer
8468224,Sean Avery
8468252,Eric Godard
8468309,Mark Streit
8468382,Rob Laurie
8468432,Steve Reinprecht
8468434,Andy McDonald
8468463,Mathieu Darche
8468478,Mike Weaver
8468481,Rick DiPietro
8468482,Dany Heatley
8468483,Marian Gaborik
8468484,Rostislav Klesla
8468485,Raffi Torres
8468486,Scott Hartnell
8468493,Ron Hainsey
8468498,Brooks Orpik
8468499,Krys Kolanos
8468500,Alex Frolov
8468501,Anton Volchenkov
8468502,David Hale
8468504,Brad Boyes
8468505,Steve Ott
8468506,Brian Sutherby
8468508,Justin Williams
8468509,Niklas Kronwall
8468510,Jeff Taffe
8468513,Nick Schultz
8468515,Brad Winchester
8468518,Tomas Kopecky
8468520,Kurtis Foster
8468524,Ilya Bryzgalov
8468526,Jarret Stoll
8468534,Andreas Lilja
8468535,Antoine Vermette
8468540,Dan Ellis
8468542,Paul Martin
8468575,Dominic Moore
8468577,Niclas Wallin
8468584,Jon Disalvatore
8468598,Lubomir Visnovsky
8468599,Brian Fahey
8468611,Matt Hendricks
8468626,David Koci
8468635,Travis Moen
8468636,Greg Zanon
8468639,John-Michael Liles
8468660,Darcy Hordichuk
8468674,Deryk Engelland
8468685,Henrik Lundqvist
8468695,Matthew Lombardi
8468700,Paul Gaustad
8468704,Antti Miettinen
8468745,Jean-Philippe Cote
8468778,Colton Orr
8468789,Jason Williams
8468846,Tyler Sloan
8468881,Jason Jaffray
8468887,Warren Peters
8468927,Steve Montador
8469120,Raitis Ivanans
8469152,Ty Conklin
8469454,Ilya Kovalchuk
8469455,Jason Spezza
8469457,Stephen Weiss
8469459,Mikko Koivu
8469460,Mike Komisarek
8469461,Pascal Leclaire
8469462,Tuomo Ruutu
8469464,Fredrik Sjostrom
8469465,Dan Hamhuis
8469466,Ales Hemsky
8469467,Chuck Kobasew
8469469,R.J. Umberger
8469470,Carlo Colaiacovo
8469472,Shaone Morrisonn
8469473,Marcel Goc
8469474,Colby Armstrong
8469476,Tim Gleason
8469479,Jason Bacashihua
8469480,Jeff Woywitka
8469483,David Steckel
8469485,Derek Roy
8469490,Tim Jackman
8469492,Fedor Tyutin
8469500,Michael Cammalleri
8469501,Chris Thorburn
8469505,Noah Welch
8469506,Jason Pominville
8469508,Jay McClement
8469514,Peter Budaj
8469516,Brendan Bell
8469521,Tomas Plekanec
8469531,Jay Harrison
8469534,Aaron Johnson
8469542,Stephane Veilleux
8469544,Patrick Sharp
8469547,Jordin Tootoo
8469548,Ray Emery
8469555,Christian Ehrhoff
8469564,Richard Petiot
8469569,Drew MacIntyre
8469581,Kyle Wellwood
8469582,Colin Stuart
8469584,Joel Perrault
8469591,Cody McCormick
8469598,Kevin Bieksa
8469608,Mike Smith
8469619,Dennis Seidenberg
8469622,Ryane Clowe
8469623,Marek Zidlicky
8469626,Andrew Alberts
8469638,Jussi Jokinen
8469639,Brooks Laich
8469647,Derek Boogaard
8469664,David Moss
8469665,Johnny Oduya
8469670,Marek Svatos
8469672,Aaron Voros
8469675,Martin Gerber
8469681,Ryan Hollweg
8469684,Milan Jurcina
8469685,Andrew Murray
8469707,PA Parenteau
8469732,Joey MacDonald
8469752,Pascal Pelletier
8469755,Brandon Segal
8469759,Vernon Fiddler
8469760,Zbynek Michalek
8469765,Marc-Andre Bergeron
8469770,Dennis Wideman
8469779,Keith Aucoin
8469798,Maxime Fortunus
8469812,Chad LaRose
8469820,Zenon Konopka
8469992,Sheldon Brookbank
8470005,Mark Cullen
8470018,Matt Ellis
8470039,Tomas Fleischmann
8470041,Rick Nash
8470047,Valtteri Filppula
8470054,Keith Ballard
8470061,Derek Meech
8470063,Adam Burish
8470065,Ryan Craig
8470072,Petr Prucha
8470074,Jeff Deslauriers
8470084,Hannu Toivonen
8470085,Paul Ranger
8470086,Joe Callahan
8470093,Mike McKenna
8470104,Tom Gilbert
8470105,Scottie Upshall
8470110,Trevor Daley
8470113,John Zeiler
8470120,Alexander Semin
8470121,Matt Greene
8470123,Cam Janssen
8470136,Nathan Oystrick
8470137,Joni Pitkanen
8470140,Kari Lehtonen
8470144,Frans Nielsen
8470147,Curtis McElhinney
8470151,Jay Bouwmeester
8470152,Joakim Lindstrom
8470153,Pierre-Marc Bouchard
8470156,Joey Crabb
8470159,Boyd Gordon
8470162,Matt Stajan
8470169,Gregory Campbell
8470171,Max Talbot
8470176,Sean Bergenheim
8470180,Eric Nystrom
8470187,Johnny Boychuk
8470189,David Van Der Gulik
8470192,Steve Eminger
8470195,Todd Ford
8470201,Jiri Hudler
8470203,Greg Mauldin
8470207,Joffrey Lupul
8470216,Josh Harding
8470222,James Wisniewski
8470230,Daniel Paille
8470232,Kris Newbury
8470257,Alexander Steen
8470263,David Leneveu
8470265,Anton Babchuk
8470268,Denis Grebeshkov
8470273,Ian White
8470274,Chris Higgins
8470280,Ben Eager
8470281,Duncan Keith
8470283,Tim Brent
8470289,Jim Slater
8470294,DJ King
8470299,Erik Christensen
8470301,Andre Deveaux
8470302,Patrick Dwyer
8470309,Ryan Whitney
8470310,Aaron Rome
8470317,Nate Guenin
8470318,Jonathan Ericsson
8470320,Cam Ward
8470321,Patrick Rissmiller
8470324,Josh Gorges
8470329,Chris Campoli
8470358,Alexandre Burrows
8470366,Martin St. Pierre
8470378,Andre Benoit
8470543,Chris Kunitz
8470578,Freddy Meyer
8470580,Jed Ortmeyer
8470594,Marc-Andre Fleury
8470595,Eric Staal
8470596,Nathan Horton
8470597,Nikolay Zherdev
8470598,Thomas Vanek
8470599,Milan Michalek
8470600,Ryan Suter
8470601,Braydon Coburn
8470602,Dion Phaneuf
8470603,Andrei Kostitsyn
8470604,Jeff Carter
8470605,Hugh Jessiman
8470606,Dustin Brown
8470607,Brent Seabrook
8470609,Steve Bernier
8470610,Zach Parise
8470611,Eric Fehr
8470612,Ryan Getzlaf
8470613,Brent Burns
8470614,Mark Stuart
8470615,Marc-Antoine Pouliot
8470616,Ryan Kesler
8470617,Mike Richards
8470618,Anthony Stewart
8470619,Brian Boyle
8470620,Jeff Tambellini
8470621,Corey Perry
8470622,Patrick Eaves
8470623,Shawn Belle
8470626,Loui Eriksson
8470630,Kevin Klein
8470634,Matt Smaby
8470636,Josh Hennessy
8470638,Patrice Bergeron
8470640,Matt Carle
8470642,Shea Weber
8470644,Colin McDonald
8470645,Corey Crawford
8470647,B.J. Crombeen
8470648,Stefan Meyer
8470649,Patrick O'Sullivan
8470651,Jeremy Colliton
8470654,Maxim Lapierre
8470655,David Backes
8470656,David Liffiton
8470657,Jimmy Howard
8470661,Jean-Francois Jacques
8470662,Colin Fraser
8470666,Daniel Carcillo
8470667,Clarke MacArthur
8470672,Ryan O'Byrne
8470678,Alexandre Picard
8470680,Ryan Potulny
8470685,Alexander Sulzer
8470687,Zack Stortini
8470697,Philippe Dupuis
8470699,Jan Hejda
8470700,Byron Bitz
8470704,Jamie Tardif
8470705,Corey Locke
8470708,Guillaume Desbiens
8470713,Paul Bissonnette
8470714,Corey Potter
8470719,Alexandre Bolduc
8470724,Kyle Quincey
8470729,Tyson Strachan
8470737,Brett Sterling
8470740,Lee Stempniak
8470741,Nigel Dawes
8470750,John Mitchell
8470755,Brad Richardson
8470760,Marc Methot
8470774,Bruno Gervais
8470775,Nate Thompson
8470777,Francis Wathier
8470778,Drew Miller
8470780,Mark Flood
8470787,Drew Bagnall
8470794,Joe Pavelski
8470798,Dylan Reese
8470800,Mike Brodeur
8470803,Kyle Brodziak
8470804,Mathieu Roy
8470809,Jeremy Williams
8470816,Jay Rosehill
8470828,Toby Enstrom
8470834,Dustin Byfuglien
8470838,Andrew Joudrey
8470839,Shane O'Brien
8470852,Matt Moulson
8470854,Tanner Glass
8470860,Jaroslav Halak
8470867,Troy Bodie
8470871,Chris Porter
8470877,David Jones
8470880,Brian Elliott
8470886,Clayton Stoner
8470896,Steve MacIntyre
8470905,Randy Jones
8470920,David Clarkson
8470966,Mark Giordano
8470986,Darryl Boyce
8470988,Bryan Rodney
8470996,Danny Syvret
8471003,Joel Martin
8471011,Garrett Stafford
8471185,Curtis Glencross
8471186,Yann Danis
8471187,Brett Lebda
8471208,Dustin Penner
8471214,Alex Ovechkin
8471215,Evgeni Malkin
8471216,Cam Barker
8471217,Andrew Ladd
8471218,Blake Wheeler
8471219,Al Montoya
8471220,Rostislav Olesz
8471222,Ladislav Smid
8471226,Drew Stafford
8471227,Devan Dubnyk
8471228,Alexander Radulov
8471229,Petteri Nokelainen
8471231,Kyle Chipchura
8471232,Lauri Korpikoski
8471233,Travis Zajac
8471234,Wojtek Wolski
8471236,Andrej Meszaros
8471238,Rob Schremp
8471239,Cory Schneider
8471240,Jeff Schultz
8471241,Mark Fistric
8471242,Mike Green
8471245,Dave Bolland
8471246,Chris Bourque
8471251,Justin Peters
8471254,Bryan Bickell
8471260,Blake Comeau
8471261,Dane Byers
8471262,Carl Soderberg
8471265,Raymond Sawada
8471266,David Booth
8471268,Victor Oreskovich
8471269,Nicklas Grossmann
8471273,Brandon Dubinsky
8471274,Alex Goligoski
8471276,David Krejci
8471279,Sami Lepisto
8471280,Nick Johnson
8471283,Brandon Prust
8471284,Andrej Sekera
8471296,Alexei Emelin
8471299,Peter Regin
8471301,Jeff Glass
8471302,Justin Pogge
8471303,Alexander Edler
8471306,Thomas Greiss
8471309,Johan Franzen
8471310,Dustin Boyd
8471311,Tyler Kennedy
8471312,JT Wyman
8471314,Mike Lundin
8471321,Brett Carson
8471323,Ryan Jones
8471324,Liam Reddox
8471326,Patrick Bordeleau
8471331,Kevin Porter
8471338,Torrey Mitchell
8471339,Ryan Callahan
8471346,Kris Versteeg
8471348,Nikita Nikitin
8471352,Jake Dowell
8471362,Mikhail Grabovski
8471365,Steven Zalewski
8471368,Roman Wick
8471371,Mike Brown
8471385,Adam Pardy
8471386,Scott Parse
8471388,Patrick Kaleta
8471390,Mike Santorelli
8471392,Roman Polak
8471399,Robbie Earl
8471402,Lennart Petrell
8471403,Karri Ramo
8471409,Andrew Gordon
8471411,Chad Kolarik
8471413,Mike Vernace
8471418,Anton Khudobin
8471419,Mark Mancari
8471426,Troy Brouwer
8471428,Pierre-Luc Letourneau-Leblond
8471429,Tyler Eckford
8471433,Daniel Taylor
8471436,Matt Hunwick
8471450,Brandon Yip
8471451,Aaron Gagnon
8471469,Pekka Rinne
8471474,Travis Morin
8471476,Daniel Winnik
8471482,Grant Clitsome
8471483,Kyle Wilson
8471490,Adam Cracknell
8471498,Jannik Hansen
8471504,Rene Bourque
8471508,Olivier Magnan
8471514,Rich Peverley
8471521,Brad Staubitz
8471628,Rick Rypien
8471634,Ryan Shannon
8471636,Tim Sestito
8471657,Cody McLeod
8471663,Mike Blunden
8471664,Mason Raymond
8471668,Mattias Ritola
8471669,Paul Stastny
8471670,Guillaume Latendresse
8471675,Sidney Crosby
8471676,Bobby Ryan
8471677,Jack Johnson
8471678,Benoit Pouliot
8471679,Carey Price
8471680,Gilbert Brule
8471681,Jack Skille
8471682,Devin Setoguchi
8471683,Brian Lee
8471685,Anze Kopitar
8471686,Marc Staal
8471689,Ryan O'Marra
8471691,Martin Hanzal
8471692,Ryan Parent
8471693,Jakub Kindl
8471694,Kenndal McArdle
8471695,Tuukka Rask
8471696,Matt Lashoff
8471697,Niclas Bergfors
8471698,T.J. Oshie
8471699,Andrew Cogliano
8471700,Matt Pelech
8471701,Joe Finley
8471702,Matt Niskanen
8471703,Steve Downie
8471705,Brendan Mikkelson
8471706,Tyler Plante
8471707,James Neal
8471708,Ryan Stoa
8471709,Marc-Edouard Vlasic
8471710,Taylor Chorney
8471712,Jeff Frazee
8471714,Michael Sauer
8471715,Ondrej Pavelec
8471716,Justin Abdelkader
8471717,Adam McQuaid
8471718,Marc-Andre Cliche
8471719,Matt Kassian
8471724,Kris Letang
8471728,Brodie Dupont
8471729,Kris Russell
8471730,Evan Brophey
8471733,Rich Clune
8471734,Jonathan Quick
8471735,Keith Yandle
8471741,Teemu Laakso
8471742,Cody Franson
8471743,Vladimir Sobotka
8471748,Mark Fraser
8471750,Ben Bishop
8471752,Marc-Andre Gragnani
8471753,T.J. Hensick
8471756,Oskars Bartulis
8471760,Cody Bass
8471761,Chris Butler
8471762,Chris VandeVelde
8471766,Jared Boll
8471767,Blair Jones
8471768,Tom Pyatt
8471769,Niklas Hjalmarsson
8471774,Alex Stalock
8471786,Ray Macias
8471794,Darren Helm
8471804,Nathan Gerbe
8471807,Tom Wandell
8471810,Derek Joslin
8471811,Cal O'Reilly
8471816,Mark Fayne
8471817,Ryan Reaves
8471821,Matt Watkins
8471822,Brian Foster
8471832,Nick Drazenovic
8471840,Brett Sutter
8471842,Tim Kennedy
8471845,Jean-Philippe Levasseur
8471846,Kris Fredheim
8471848,Andrey Zubarev
8471851,Matt D'Agostini
8471853,Nicolas Blanchard
8471856,Joe Vitale
8471859,Sergei Kostitsyn
8471862,Colin Greening
8471863,Mario Bliznak
8471868,Ryan Russell
8471873,Anton Stralman
8471879,Kyle Cumiskey
8471885,Chad Rau
8471887,Patric Hornqvist
8471912,Kevin Henderson
8471916,Mike Angelidis
8471941,Mike Duco
8471956,Andrew Desjardins
8471958,Dan Girardi
8471976,David Desharnais
8471978,Brett Festerling
8471996,Bracken Kearns
8472158,Jeff Tyni
8472262,Clay Wilson
8472355,Rod Pelley
8472361,Bill Thomas
8472365,Bobby Robins
8472368,Chris Conner
8472370,Jordan Hendry
8472379,Tim Stapleton
8472382,Andy Greene
8472394,Peter Harrold
8472410,Stephen Gionta
8472424,Ryan Hamilton
8473404,Niklas Backstrom
8473412,Bryan Little
8473414,Leland Irving
8473415,Alex Biega
8473416,Michael Caruso
8473419,Brad Marchand
8473422,Nick Foligno
8473426,Mike Weber
8473431,Bud Holloway
8473432,Derek Dorsett
8473434,Chad Johnson
8473440,Will O'Neill
8473444,Jon Matsumoto
8473446,Erik Johnson
8473449,Kyle Okposo
8473453,Trevor Lewis
8473456,Rhett Rakhshani
8473459,Arturs Kulda
8473461,Steve Mason
8473463,Leo Komarov
8473465,Jamie McGinn
8473466,Ryan White
8473468,Eric Gryba
8473473,Milan Lucic
8473482,Jiri Tlusty
8473484,Kaspars Daugavins
8473485,Chris Stewart
8473488,Sergei Shirokov
8473492,Matt Beleskey
8473493,Ben Maxwell
8473499,Reto Berra
8473501,Ty Wishart
8473503,James Reimer
8473504,Cal Clutterbuck
8473505,Peter LeBlanc
8473507,Jeff Petry
8473511,David McIntyre
8473512,Claude Giroux
8473514,Jesse Joensuu
8473523,Jhonas Enroth
8473525,Theo Peckham
8473526,Peter Mueller
8473532,Mark Dekanich
8473533,Jordan Staal
8473534,Patrik Berglund
8473536,James Sheppard
8473537,Viktor Stalberg
8473539,Carl Sneep
8473541,Jonathan Bernier
8473542,Tom Sestito
8473544,Derick Brassard
8473546,Michael Grabner
8473548,Phil Kessel
8473550,Andrew Bodnarchuk
8473553,Jeff Zatkoff
8473558,Cory Emmerton
8473560,Korbinian Holzer
8473562,John McCarthy
8473563,Nicklas Backstrom
8473564,Michael Frolik
8473565,Brian Strait
8473568,Andreas Nodl
8473569,Jan Mursak
8473571,Jamie McBain
8473573,Artem Anisimov
8473574,Shawn Matthias
8473575,Semyon Varlamov
8473579,Nikolay Kulemin
8473580,Matthew Corrente
8473584,Andrew MacDonald
8473588,Erik Condra
8473589,Chris Summers
8473592,Vladimir Zharkov
8473600,Benn Ferriero
8473604,Jonathan Toews
8473605,Alexander Vasyunov
8473607,Michal Neuvirth
8473608,Blake Geoffrion
8473610,Bobby Sanguinetti
8473611,Shane Sims
8473614,Richard Bachman
8473616,Jonathan Rheault
8473618,Mathieu Perreault
8473638,Cedrick Desjardins
8473646,Ryan Carter
8473647,Frédéric St-Denis
8473658,Victor Bartley
8473673,David Schlemko
8473682,Andrew Ebbett
8473700,Ryan Wilson
8473712,Frazer McLaren
8473722,John Scott
8473734,Tim Wallace
8473867,Greg Rallo
8473898,Paul Szczechura
8473908,Kevin Westgarth
8473911,Steven Pinizzotto
8473913,Sean Collins
8473914,Mark Letestu
8473921,Joe Piskula
8473927,Brad Mills
8473931,Lee Sweatt
8473932,Darroll Powe
8473933,Ben Lovejoy
8473942,Trevor Smith
8473944,Matt Anderson
8473953,Derek Smith
8473962,Teddy Purcell
8473970,Rob Klinkhammer
8473972,Jonas Hiller
8473986,Alex Killorn
8473989,Luke Gazdic
8473991,Karl Alzner
8473992,Justin Falk
8473994,Jamie Benn
8473997,Luca Caputi
8473999,Nick Palmieri
8474000,Steven Kampfer
8474001,TJ Galiardi
8474002,Colby Cohen
8474003,Tyson Sexsmith
8474005,Alex Grant
8474008,Paul Carey
8474009,Nick Bonino
8474012,John Albert
8474013,Ian Cole
8474018,Christopher DiDomenico
8474019,Tommy Cross
8474024,Jim O'Brien
8474025,Eric Tangradi
8474027,Justin Braun
8474029,Cade Fairchild
8474030,Aaron Palushaj
8474031,Kevin Shattenkirk
8474032,Nick Petrecki
8474034,Patrick Maroon
8474035,Bill Sweatt
8474037,James van Riemsdyk
8474038,Paul Byron
8474040,Sam Gagner
8474042,Cody Almond
8474045,Zach Hamill
8474046,Alex Plante
8474048,Keith Aulie
8474049,Akim Aliu
8474050,Brett MacLean
8474052,Chris Terry
8474053,Logan Couture
8474056,P.K. Subban
8474057,Allen York
8474059,Linus Omark
8474061,Anthony Peluso
8474062,Riley Nash
8474063,Mark Katic
8474066,Thomas Hickey
8474068,Kyle Turris
8474074,Paul Postma
8474077,Carson McMillan
8474085,Johan Harju
8474089,Brad Malone
8474090,Brendan Smith
8474091,Brandon Sutter
8474092,Jeremy Smith
8474094,Matt Halischuk
8474095,Dana Tyrell
8474096,Nick Spaling
8474098,Colton Sceviour
8474100,Dwight King
8474102,David Perron
8474113,TJ Brennan
8474114,Oscar Moller
8474121,Colton Gillies
8474125,Carl Gunnarsson
8474128,Milan Kytnar
8474130,Corey Tropp
8474131,Mario Kempe
8474134,Yannick Weber
8474135,Brett Bellemore
8474137,Drayson Bowman
8474138,Dustin Jeffrey
8474139,Maxime Macenauer
8474141,Patrick Kane
8474143,Ryan Thang
8474145,Robert Bortuzzo
8474146,Spencer Machacek
8474149,Evgenii Dadonov
8474150,Mikael Backlund
8474151,Ryan McDonagh
8474152,Scott Darling
8474153,Michal Repik
8474154,Andreas Thuresson
8474157,Max Pacioretty
8474161,Jakub Voracek
8474162,Jake Muzzin
8474163,Kevin Marshall
8474164,Jonathon Blum
8474166,Alec Martinez
8474168,Joakim Andersson
8474176,Carl Hagelin
8474184,Keaton Ellerby
8474189,Lars Eller
8474190,Wayne Simmonds
8474192,Matt Frattin
8474194,Timo Pielmeier
8474195,Maksim Mayorov
8474201,Pierre-Cedric Labrie
8474202,John Curry
8474207,Nick Holden
8474218,Jason Demers
8474220,Jerome Samson
8474222,Maxim Noreau
8474230,Micheal Haley
8474236,Brett Gallant
8474250,Zack Smith
8474291,Jay Beagle
8474383,Joel Rechlicz
8474488,Matt Climie
8474497,Michael Kostka
8474498,Jesse Winchester
8474500,Derek Whitmore
8474516,Bryan Lerg
8474518,Davis Drewiske
8474519,Jack Hillen
8474520,Jason Garrison
8474531,Mike Moore
8474535,Chris Mueller
8474550,Antti Niemi
8474551,Ville Leino
8474552,Fabian Brunnstrom
8474554,Eric Selleck
8474557,Anssi Salmela
8474563,Drew Doughty
8474564,Steven Stamkos
8474565,Alex Pietrangelo
8474566,Nikita Filatov
8474567,Zach Bogosian
8474568,Luke Schenn
8474569,Colin Wilson
8474570,Cody Hodgson
8474571,Mikkel Boedker
8474573,Josh Bailey
8474574,Tyler Myers
8474575,Colten Teubert
8474576,Zach Boychuk
8474577,Joe Colborne
8474578,Erik Karlsson
8474579,Luca Sbisa
8474580,Chet Pickard
8474581,Jake Gardiner
8474582,Mattias Tedenby
8474584,Michael Del Zotto
8474585,Tyler Cuma
8474586,Jordan Eberle
8474587,Greg Nemisz
8474588,Viktor Tikhonov
8474589,Tyler Ennis
8474590,John Carlson
8474591,Tom McCollum
8474592,Philip McRae
8474593,Jacob Markstrom
8474594,Slava Voynov
8474596,Jake Allen
8474597,Cody Goloubef
8474598,Nicolas Deschamps
8474600,Roman Josi
8474601,Yann Sauve
8474602,Justin Schultz
8474603,Eric O'Dell
8474604,Aaron Ness
8474605,Patrick Wiercioch
8474606,Colby Robak
8474607,Max Sauve
8474609,Luke Adam
8474610,Zac Dalpe
8474611,Cameron Gaunce
8474612,Travis Hamonic
8474613,Derek Stepan
8474615,Jared Staal
8474616,Patrice Cormier
8474618,Marco Scandella
8474625,Jimmy Hayes
8474627,Jori Lehtera
8474628,Michael Stone
8474629,Shawn Lalonde
8474631,Marc-Andre Bourdon
8474634,Evgeny Grachev
8474636,Michael Hutchinson
8474638,Andrew Campbell
8474641,Adam Henrique
8474642,Lance Bouma
8474646,Brandon McMillan
8474649,Tomas Kundratek
8474651,Braden Holtby
8474657,Jamie Arniel
8474659,Matt Donovan
8474660,David Warsofsky
8474661,Michal Jordan
8474666,David Ullstrom
8474667,Harri Sateri
8474668,Dale Weise
8474670,Andre Petersson
8474673,TJ Brodie
8474674,James Wright
8474678,Jason Missiaen
8474679,Gustav Nyquist
8474681,Andrei Loktionov
8474682,Dustin Tokarski
8474683,Derek Grant
8474685,Matt Calvert
8474688,Greg Pateryn
8474690,Kevin Poulin
8474691,Philippe Cornet
8474693,Tomas Kubalik
8474697,Mark Borowiecki
8474698,Brent Regner
8474705,Mark Olver
8474707,Philip Larsen
8474709,Matt Martin
8474715,Cam Atkinson
8474716,Jared Spurgeon
8474717,Mark Barberio
8474719,Teemu Hartikainen
8474722,Luke Witkowski
8474727,Ben Smith
8474729,Mike Murphy
8474730,Jonas Holos
8474731,Justin DiBenedetto
8474736,Zac Rinaldo
8474739,Tommy Wingels
8474743,Zach Redmond
8474744,Sean Collins
8474748,Andrew MacWilliam
8474749,Matt Bartkowski
8474754,Joacim Eriksson
8474762,Stefan Della Rovere
8474765,Anders Lindback
8474771,Peter Mannino
8474772,Stu Bickel
8474774,Dalton Prout
8474775,Robert Mayer
8474793,Justin Hodgman
8474818,Jordie Benn
8474837,Mark Cundari
8474844,Carter Bancks
8474849,Antoine Roussel
8474850,Brandon Mashinter
8474855,Nathan Lawson
8474869,Kurtis Mucha
8474870,Tyler Johnson
8474873,Brian Lashoff
8474884,Mike Hoffman
8474889,Martin Jones
8474892,Eric Wellwood
8474939,Mark Van Guilder
8474971,Brett Leonhardt
8475060,Matt Taormina
8475087,Christian Hanson
8475097,Brad Thiessen
8475098,Tyler Bozak
8475102,Travis Turnbull
8475104,Evan Oberg
8475105,Dan Sexton
8475114,Jordan Pearce
8475118,Matt Gilroy
8475119,Zach Sill
8475147,Jordan Schroeder
8475148,Tim Erixon
8475149,Marcus Johansson
8475150,Jordan Caron
8475151,Kyle Palmieri
8475153,Dylan Olsen
8475154,Carter Ashton
8475155,Simon Despres
8475156,Mikko Koskinen
8475157,Landon Ferraro
8475158,Ryan O'Reilly
8475159,Carl Klingberg
8475160,Kyle Clifford
8475161,Chris Brown
8475162,Mat Clark
8475163,Alex Chiasson
8475164,Jakob Silfverberg
8475165,Anton Lander
8475166,John Tavares
8475167,Victor Hedman
8475168,Matt Duchene
8475169,Evander Kane
8475170,Brayden Schenn
8475171,Oliver Ekman-Larsson
8475172,Nazem Kadri
8475173,Scott Glennie
8475174,Jared Cowen
8475175,Magnus Paajarvi
8475176,Ryan Ellis
8475177,Calvin de Haan
8475178,Zack Kassian
8475179,Dmitry Kulikov
8475180,Peter Holland
8475181,Nick Leddy
8475182,David Rundblad
8475183,Louis Leblanc
8475184,Chris Kreider
8475185,Jacob Josefson
8475186,John Moore
8475188,Brayden McNabb
8475190,Jamie Devane
8475191,Reilly Smith
8475192,Taylor Beck
8475193,Tomas Tatar
8475194,Philip Samuelsson
8475195,Anders Nilsson
8475196,Ben Hanowski
8475197,Tyson Barrie
8475198,Joonas Nattinen
8475199,Eric Gelinas
8475200,Dmitry Orlov
8475203,Jesse Blacker
8475204,Brandon Pirri
8475206,Stefan Elliott
8475208,Brian Dumoulin
8475209,Richard Panik
8475210,Anton Rodin
8475213,Drew Shore
8475214,Jeremy Morin
8475215,Robin Lehner
8475218,Mattias Ekholm
8475219,Kristopher Foucault
8475220,Marcus Foligno
8475222,Sami Vatanen
8475223,Linden Vey
8475224,Jordan Szwarz
8475225,Craig Smith
8475227,Chris Wideman
8475230,Michael Lee
8475231,Casey Cizikas
8475233,David Savard
8475234,J-F Berube
8475235,Nicolas Deslauriers
8475236,Cody Eakin
8475243,Ryan Bourque
8475246,Kevin Connauton
8475247,Michael Latta
8475248,Alexander Urbom
8475250,Andrej Nestrasil
8475251,Igor Bobkov
8475252,Matt Hackett
8475253,Garrett Wilson
8475254,Gabriel Dumont
8475260,Corban Knight
8475263,Wade Megan
8475264,Roman Horak
8475266,Tomas Vincour
8475268,Gabriel Bourque
8475274,Seth Helgeson
8475275,Patrick Wey
8475277,Edward Pasquale
8475278,Byron Froese
8475279,Ben Chiarot
8475283,Lane MacDermid
8475287,Erik Haula
8475291,Garrett Mitchell
8475292,Tyler Randell
8475294,Rasmus Rissanen
8475295,Brandon Kozun
8475296,Mitch Callahan
8475299,Joni Ortio
8475300,Joe Cannata
8475303,Connor Knapp
8475304,Scott Timmins
8475309,Jerry D'Amigo
8475310,Curtis McKenzie
8475311,Darcy Kuemper
8475314,Anders Lee
8475321,Phil Varone
8475323,Marcus Kruger
8475324,Nick Jensen
8475325,Jordan Nolan
8475328,Ben Sexton
8475332,Adam Almquist
8475342,Oliver Lauridsen
8475343,Nic Dowd
8475361,Jonas Gustavsson
8475372,Andreas Engqvist
8475395,Matthew Konan
8475413,Justin Dowling
8475414,Craig Cunningham
8475423,Darren Archibald
8475430,Brandon Manning
8475431,Henrik Karlsson
8475436,Mike Liambas
8475455,Brenden Dillon
8475461,Andrew Agozzino
8475462,Radko Gudas
8475567,Julien Brouillette
8475597,Shane Harper
8475598,Ryan Stanton
8475602,Casey Wellman
8475603,Ben Holmstrom
8475613,Nate Prosser
8475619,Aaron Volpatti
8475622,Carter Hutton
8475625,Matt Irwin
8475637,Bobby Butler
8475640,Erik Gustafsson
8475641,Brendon Nash
8475648,Chris Breen
8475650,Brandon Bollig
8475660,Cam Talbot
8475661,Dave Dziurzynski
8475663,Eddie Lack
8475671,Matt Fraser
8475677,Linus Klasen
8475679,Jarod Palmer
8475680,Jussi Rynnas
8475681,Ben Scrivens
8475683,Sergei Bobrovsky
8475690,Chris Tanev
8475692,Mats Zuccarello
8475714,Calle Jarnkrok
8475715,Oscar Lindberg
8475716,Martin Marincin
8475717,Calvin Pickard
8475718,Justin Holl
8475720,Kent Simpson
8475722,Jason Zucker
8475723,Petr Straka
8475726,Tyler Toffoli
8475727,Ryan Spooner
8475728,Johan Larsson
8475729,Mark Alt
8475730,Stephen Johns
8475732,Danny Biega
8475733,Max Reinhart
8475734,Curtis Hamilton
8475735,Greg McKegg
8475736,Connor Brickley
8475738,Jordan Weal
8475739,Michael Bournival
8475744,Evgeny Kuznetsov
8475745,Charlie Coyle
8475747,Patrik Nemeth
8475748,Dalton Smith
8475749,Christian Thomas
8475750,Jon Merrill
8475752,Tyler Pitlick
8475753,Justin Faulk
8475754,Brock Nelson
8475755,Alexander Petrovic
8475756,John McFarland
8475757,Brett Bulmer
8475758,Devante Smith-Pelly
8475759,Brandon Gormley
8475760,Nick Bjugstad
8475761,Beau Bennett
8475762,Derek Forbort
8475763,Kevin Hayes
8475764,Cam Fowler
8475765,Vladimir Tarasenko
8475766,Austin Watson
8475767,Joey Hishon
8475768,Jaden Schwartz
8475769,Quinton Howden
8475770,Emerson Etem
8475771,Mark Visentin
8475772,Riley Sheahan
8475774,Petter Granberg
8475775,Tye McGinn
8475780,Chris Wagner
8475781,Tyler Bunz
8475782,Morgan Ellis
8475784,Jeff Skinner
8475786,Zach Hyman
8475788,Alexander Burmistrov
8475789,Jack Campbell
8475790,Erik Gudbranson
8475791,Taylor Hall
8475792,Brett Connolly
8475793,Ryan Johansen
8475794,Tyler Seguin
8475795,Dylan McIlrath
8475796,Mark Pysyk
8475797,Jarred Tinordi
8475798,Mikael Granlund
8475799,Nino Niederreiter
8475800,Teemu Pulkkinen
8475807,Joakim Nordstrom
8475808,Michael Chaput
8475809,Scott Wedgewood
8475810,Bryan Rust
8475815,Julian Melchiori
8475816,Stanislav Galiev
8475819,Mathieu Corbeil
8475820,Joonas Donskoi
8475821,Sam Brittain
8475824,Sami Aittokallio
8475825,Jani Hakanpää
8475826,Justin Shugg
8475829,John Ramage
8475831,Philipp Grubauer
8475832,Tom Kuhnhackl
8475833,Bill Arnold
8475834,Marcus Sorensen
8475836,Alex Friesen
8475839,Louis Domingue
8475841,Tim Heed
8475842,Sam Carrick
8475844,Kenny Agostino
8475845,Justin Florek
8475848,Brendan Gallagher
8475852,Petr Mrazek
8475855,Jesper Fast
8475857,Kevin Gravel
8475860,Johan Gustafsson
8475868,Anthony Bitetto
8475869,Brandon Davidson
8475876,Zane McIntyre
8475878,Freddie Hamilton
8475883,Frederik Andersen
8475889,Patrick Holland
8475893,Joonas Rask
8475896,Brendan Ranford
8475902,Zach Trotman
8475906,John Klingberg
8475907,Micheal Ferland
8475913,Mark Stone
8475917,Jason Akeson
8475920,Michael Houser
8475939,J.P. Anderson
8475949,Marek Hrivik
8475950,Marcel Mueller
8475958,Michael Sgarbossa
8475968,Alex Belzile
8475980,Brody Sutter
8475982,Erik Burgdoerfer
8475990,Jamie Doornbosch
8475996,Brendan Shinnimin
8476020,Andrew Crescenzi
8476043,Ben Street
8476062,Mark Arcobello
8476086,Justin Johnson
8476116,Ryan Garbutt
8476132,Thomas Fenton
8476143,Jordan White
8476147,Kael Mouillierat
8476158,Harry Zolnierczyk
8476162,Steve Oleksy
8476166,Taylor Fedun
8476177,Matt Read
8476179,Will Acton
8476191,Kevan Miller
8476195,Cory Conacher
8476200,Paul Thompson
8476205,Stephane Da Costa
8476206,Andy Miele
8476207,Brian Gibbons
8476208,Matt Campanale
8476209,Mike Sislo
8476211,Carter Camper
8476214,Brandon DeFazio
8476219,Patrick Cannone
8476224,Chay Genoway
8476225,Mike Connolly
8476227,Joe Whitney
8476228,John Muse
8476234,Keith Kinkaid
8476235,Justin Fontaine
8476243,Iiro Tarkki
8476244,Raphael Diaz
8476278,Colin Blackwell
8476279,Jyrki Jokipakka
8476283,Alex Broadhurst
8476285,Matthew Peca
8476288,Ryan Dzingel
8476289,Alexey Marchenko
8476292,Ondrej Palat
8476293,Scott Wilson
8476300,Nikita Nesterov
8476302,Frank Corrado
8476303,Rob O'Gara
8476304,David Broll
8476309,Jason Kasdorf
8476310,Lukas Sedlak
8476312,Josh Manson
8476313,Steve Michalek
8476316,Laurent Brossoit
8476319,Nathan Lieuwen
8476322,Chase Balisy
8476323,Max McCormick
8476326,Josh Archibald
8476329,Travis Boyd
8476330,Adam Wilcox
8476331,Dylan DeMelo
8476336,Iiro Pakarinen
8476339,Dominik Uher
8476341,Anton Forsberg
8476343,Garret Sparks
8476344,Tyler Graovac
8476345,Gregory Hofmann
8476346,Johnny Gaudreau
8476352,Michael Mersch
8476356,Tobias Rieder
8476363,Brian Ferlin
8476367,John Persson
8476368,Fredrik Claesson
8476370,Blake Pietila
8476372,Nick Seeler
8476374,Sean Kuraly
8476379,Darren Dietz
8476381,Andrew Shaw
8476384,Max Friberg
8476386,Shane Prince
8476388,Andrey Pedan
8476389,Vincent Trocheck
8476390,Joseph Cramarossa
8476391,T.J. Tynan
8476392,Adam Lowry
8476393,Nick Cousins
8476394,Michael Paliotta
8476396,Steven Fogarty
8476397,Keegan Lowe
8476399,Blake Coleman
8476400,Logan Shaw
8476401,Daniel Catenacci
8476403,Klas Dahlbeck
8476404,Andy Andreoff
8476406,Nicholas Shore
8476407,Andy Welinski
8476409,Alan Quine
8476410,Josh Leivo
8476411,Jonathan Racine
8476412,Jordan Binnington
8476414,Alexandre Grenier
8476415,Kyle Rau
8476416,Dillon Simpson
8476418,Robbie Russo
8476419,Jean-Gabriel Pageau
8476422,Mike Reilly
8476423,Reid Boucher
8476425,Joseph LaBate
8476426,David Musil
8476427,Ty Rattie
8476428,Rocco Grimaldi
8476429,Scott Mayfield
8476430,Tomas Jurco
8476431,Adam Clendening
8476432,Boone Jenner
8476433,Magnus Hellberg
8476434,John Gibson
8476435,Alex Khokhlachev
8476436,Dmitrij Jaskin
8476437,Victor Rask
8476438,Brandon Saad
8476439,Brett Ritchie
8476440,Markus Granlund
8476441,Joel Edmundson
8476442,Matt Nieto
8476443,Xavier Ouellet
8476444,Christopher Gibson
8476445,Johan Sundstrom
8476447,Miikka Salomaki
8476448,William Karlsson
8476449,Scott Harrington
8476450,Ryan Sproul
8476451,Lucas Lessio
8476452,Tyler Wotherspoon
8476453,Nikita Kucherov
8476454,Ryan Nugent-Hopkins
8476455,Gabriel Landeskog
8476456,Jonathan Huberdeau
8476457,Adam Larsson
8476458,Ryan Strome
8476459,Mika Zibanejad
8476460,Mark Scheifele
8476461,Sean Couturier
8476462,Dougie Hamilton
8476463,Jonas Brodin
8476464,Duncan Siemens
8476465,Ryan Murphy
8476466,Sven Baertschi
8476467,Jamie Oleksiak
8476468,J.T. Miller
8476469,Joel Armia
8476470,Nathan Beaulieu
8476471,Mark McNeill
8476472,Oscar Klefbom
8476473,Connor Murphy
8476474,Stefan Noesen
8476476,Joe Morrow
8476477,Matt Puempel
8476478,Stuart Percy
8476479,Phillip Danault
8476480,Vladislav Namestnikov
8476482,Nicklas Jensen
8476483,Rickard Rakell
8476495,Seth Griffith
8476505,Turner Elson
8476509,Maxime Lagace
8476511,Samuel Henley
8476522,Adam Payerl
8476525,Colin Miller
8476526,Ben Thomson
8476536,Colin Smith
8476539,Jonathan Marchessault
8476545,Kurtis Gabriel
8476549,Daniil Tarasov
8476617,Tomas Hyka
8476619,Zack Mitchell
8476624,Barclay Goodrow
8476763,Calvin Heeter
8476765,Mike Halmo
8476766,Cole Schneider
8476769,Bobby Farnham
8476772,Brian O'Neill
8476779,Brad Hunt
8476792,Torey Krug
8476798,Karl Stollery
8476799,Cameron Schilling
8476803,Shawn Hunwick
8476805,Spencer Abbott
8476806,JT Brown
8476807,Matt Tennyson
8476808,Brian Flynn
8476819,Jeremy Welsh
8476822,Luke Glendening
8476826,Yanni Gourde
8476827,Chad Billins
8476834,Roman Cervenka
8476835,Daniel Bang
8476839,Viktor Fasth
8476844,Niklas Svedberg
8476846,Cristopher Nilstorp
8476849,Harri Pesonen
8476850,Ryan Murray
8476851,Alex Galchenyuk
8476852,Griffin Reinhart
8476853,Morgan Rielly
8476854,Hampus Lindholm
8476855,Nail Yakupov
8476856,Mathew Dumba
8476857,Pontus Aberg
8476858,Phillip Di Giuseppe
8476861,Oscar Dansk
8476866,Nicolas Kerdiles
8476867,Brendan Gaunce
8476868,Henrik Samuelsson
8476869,Brady Skjei
8476870,Stefan Matteau
8476871,Tanner Pearson
8476872,Scott Laughton
8476873,Mark Jankowski
8476874,Olli Määttä
8476875,Mike Matheson
8476876,Malcolm Subban
8476877,Jordan Schmaltz
8476878,Zemgus Girgensons
8476879,Cody Ceci
8476880,Tom Wilson
8476881,Tomas Hertl
8476882,Teuvo Teravainen
8476883,Andrei Vasilevskiy
8476884,Derrick Pouliot
8476885,Jacob Trouba
8476886,Slater Koekkoek
8476887,Filip Forsberg
8476888,Mikhail Grigorenko
8476889,Radek Faksa
8476890,Patrick Sieloff
8476891,Matt Grzelcyk
8476892,Colton Parayko
8476894,Brendan Leipsic
8476897,Oskar Sundqvist
8476899,Matt Murray
8476902,Esa Lindell
8476903,Jon Gillies
8476904,Chris Driedger
8476905,Chandler Stephenson
8476906,Shayne Gostisbehere
8476907,Mackenzie MacEachern
8476909,Daniel Altshuller
8476910,Scott Kosmachuk
8476911,Tanner Richard
8476913,Devin Shore
8476914,Joonas Korpisalo
8476915,Jujhar Khaira
8476917,Adam Pelech
8476918,Jimmy Vesey
8476919,Chris Tierney
8476921,Jordan Martinook
8476922,Boo Nieves
8476923,Damon Severson
8476924,Martin Frk
8476925,Colton Sissons
8476927,Teddy Blueger
8476931,Jake McCabe
8476932,Anthony Stolarz
8476934,Brock McGinn
8476941,Connor Carrick
8476944,Brendan Woods
8476945,Connor Hellebuyck
8476947,Nikolai Prokhorkin
8476948,Charles Hudon
8476952,Dominic Toninato
8476953,Trevor Carrick
8476955,Taylor Leier
8476958,Jaccob Slavin
8476960,Andreas Athanasiou
8476966,Gemel Smith
8476967,Brett Kulak
8476971,Kevin Roy
8476974,Thomas Di Pauli
8476975,Cedric Paquette
8476979,Erik Gustafsson
8476981,Josh Anderson
8476982,Danny O'Regan
8476983,Paul LaDue
8476986,Marek Langhamer
8476987,Jake Bischoff
8476988,Matt Benning
8476989,Petteri Lindbohm
8476992,Marek Mazanec
8476994,Vinnie Hinostroza
8476999,Linus Ullmark
8477003,Riley Barber
8477006,Christoph Bertschy
8477009,Jake Dotchin
8477010,Joseph Blandisi
8477015,Connor Brown
8477018,Ben Hutton
8477021,Alexander Kerfoot
8477033,Viktor Loov
8477034,Jaycob Megna
8477035,Matt Tomkins
8477038,Nikita Gusev
8477041,Brady Austin
8477043,Christian Djoos
8477046,Joakim Ryan
8477059,Damien Brunner
8477070,Liam O'Brien
8477073,Kurtis MacDermid
8477076,JC Lipon
8477082,Dmitry Korobov
8477084,Mackenzie Skapski
8477085,Ashton Sautner
8477091,Evan McEneny
8477092,Andrey Makarov
8477126,Jayson Megna
8477127,Raman Hrabarenka
8477149,Scott Sabourin
8477180,Aaron Dell
8477201,Kellan Lain
8477202,Andrew Hammond
8477205,Andrej Sustr
8477210,Buddy Robinson
8477213,Tim Schaller
8477214,Conor Allen
8477215,Danny DeKeyser
8477220,Nate Schmidt
8477225,Jared Coreau
8477227,Eriah Hayes
8477228,Matt Lindblad
8477234,Troy Grosenick
8477237,Mike Condon
8477240,Carter Rowney
8477242,Dustin Butler
8477243,Drew LeBlanc
8477244,Chad Ruhwedel
8477245,Eric Hartzell
8477249,Andrew Miller
8477289,Anton Belov
8477290,Michael Raffl
8477293,Antti Raanta
8477300,Viktor Svedberg
8477312,Antoine Bibeau
8477314,Brian Pinho
8477320,Anton Blidh
8477326,Joel Vermin
8477330,Dominik Kubalik
8477335,Kyle Burroughs
8477337,John Gilmour
8477341,Andreas Johnsson
8477343,Tyler Lewington
8477346,MacKenzie Weegar
8477353,Tyler Motte
8477355,Will Butcher
8477356,Kristers Gudlevskis
8477357,Saku Maenalanen
8477359,Tucker Poolman
8477361,Cal Petersen
8477365,Connor Clifton
8477366,Luke Johnson
8477369,Carson Soucy
8477380,Jonny Brodzinski
8477384,Joshua Brown
8477391,Sean Malone
8477392,Hudson Fasching
8477399,Tyrell Goulbourne
8477401,John Hayden
8477402,Pavel Buchnevich
8477404,Jake Guentzel
8477405,Marcus Hogberg
8477406,Mattias Janmark
8477407,Anthony Duclair
8477409,Carter Verhaeghe
8477410,Bogdan Yakimov
8477413,Sven Andrighetto
8477415,Anton Slepyshev
8477416,Oliver Bjorkstrand
8477417,Peter Cehlarik
8477419,Mason Geertsen
8477424,Juuse Saros
8477425,Miles Wood
8477426,Nick Paul
8477427,Tobias Lindberg
8477428,Justin Auger
8477429,Andrew Copp
8477433,Ben Harpur
8477435,Ryan Graves
8477438,Eamon McAdam
8477444,Andre Burakovsky
8477445,Hunter Shinkaruk
8477446,Michael McCarron
8477447,Shea Theodore
8477448,Marko Dano
8477449,Morgan Klimchuk
8477450,Jason Dickinson
8477451,Ryan Hartman
8477452,Ian McCoshen
8477453,Chris Bigras
8477454,Adam Erne
8477455,Jacob de la Rose
8477456,J.T. Compher
8477457,Zach Fucale
8477458,Valentin Zykov
8477460,Laurent Dauphin
8477461,Remi Elie
8477462,Robert Hagg
8477463,Steven Santini
8477464,Nic Petan
8477465,Tristan Jarry
8477466,Nick Sorensen
8477467,Gustav Olofsson
8477471,Dillon Heatherington
8477472,Carl Dahlstrom
8477473,Justin Bailey
8477474,Madison Bowey
8477475,Philippe Desrosiers
8477476,Artturi Lehkonen
8477478,William Carrier
8477479,Tyler Bertuzzi
8477480,Eric Comrie
8477482,Zachary Sanford
8477484,Spencer Martin
8477486,Emile Poirier
8477488,Brett Pesce
8477491,Nick Baptiste
8477492,Nathan MacKinnon
8477493,Aleksander Barkov
8477494,Jonathan Drouin
8477495,Seth Jones
8477496,Elias Lindholm
8477497,Sean Monahan
8477498,Darnell Nurse
8477499,Rasmus Ristolainen
8477500,Bo Horvat
8477501,Valeri Nichushkin
8477502,Samuel Morin
8477503,Max Domi
8477504,Josh Morrissey
8477505,Alexander Wennberg
8477506,Ryan Pulock
8477507,Nikita Zadorov
8477508,Curtis Lazar
8477509,Mirco Mueller
8477510,Kerby Rychel
8477511,Anthony Mantha
8477512,Frederik Gauthier
8477520,Jean-Sebastien Dea
8477527,Ross Johnston
8477529,Colby Cave
8477541,Dakota Mermis
8477544,Philippe Maillet
8477566,Sergey Tolchinsky
8477573,Nathan Walker
8477583,Curtis Valk
8477589,Ronalds Kenins
8477591,Josh Jooris
8477631,Brandon Baddock
8477634,Trevor Murphy
8477642,Rinat Valiev
8477666,Simon Moser
8477680,Josh Currie
8477715,Tyler Gaudet
8477799,Ryan Vinz
8477800,Pat Conacher
8477810,Joel Hanley
8477814,Kevin Czuczman
8477816,Michael Zalewski
8477831,Pheonix Copley
8477832,Cody Kunyk
8477836,Matt Carey
8477839,Conor Sheary
8477845,Trevor van Riemsdyk
8477846,Ryan Carpenter
8477847,Bryce Van Brabant
8477850,Christian Folin
8477851,Jordan Oesterle
8477865,Jake Chelios
8477881,Connor Jones
8477887,Patrick Brown
8477901,Daniel Carr
8477902,Dennis Everberg
8477903,Garnet Hathaway
8477913,David Wolf
8477914,Roman Will
8477916,Borna Rendulic
8477919,Frederick Gaudreau
8477922,Melker Karlsson
8477923,Michael Keranen
8477929,Dennis Rasmussen
8477930,Pierre-Edouard Bellemare
8477931,Tomas Nosek
8477932,Aaron Ekblad
8477933,Sam Reinhart
8477934,Leon Draisaitl
8477935,Sam Bennett
8477936,Michael Dal Colle
8477937,Jake Virtanen
8477938,Haydn Fleury
8477939,William Nylander
8477940,Nikolaj Ehlers
8477941,Nick Ritchie
8477942,Kevin Fiala
8477943,Brendan Perlini
8477944,Jakub Vrana
8477945,Julius Honka
8477946,Dylan Larkin
8477947,Sonny Milano
8477948,Travis Sanheim
8477949,Alex Tuch
8477950,Tony DeAngelo
8477951,Nick Schmaltz
8477952,Robby Fabbri
8477953,Kasperi Kapanen
8477955,Jared McCann
8477956,David Pastrnak
8477957,Nikita Scherbak
8477958,Nikolay Goldobin
8477959,Joshua Ho-Sang
8477960,Adrian Kempe
8477961,John Quenneville
8477962,Brendan Lemieux
8477963,Jayce Hawryluk
8477964,Ivan Barbashev
8477967,Thatcher Demko
8477968,Alex Nedeljkovic
8477969,Marcus Pettersson
8477970,Vitek Vanecek
8477971,Andreas Englund
8477972,Josh Jacobs
8477973,Vladislav Kamenev
8477974,Ryan MacInnis
8477979,Nicolas Aube-Kubel
8477981,Roland McKeown
8477983,Maxim Letunov
8477986,Brandon Montour
8477987,Ryan Donato
8477989,Christian Dvorak
8477990,Brandon Halverson
8477992,Jonas Johansson
8477993,Justin Kirkland
8477994,Dominic Turgeon
8477996,Juho Lammikko
8477997,Nikita Tryamkin
8477998,Warren Foegele
8478004,Brett Lernout
8478007,Elvis Merzlikins
8478009,Ilya Sorokin
8478010,Brayden Point
8478011,Louie Belpedio
8478013,Jake Walman
8478017,Mark Friedman
8478020,Michael Amadio
8478021,William Lagesson
8478024,Ville Husso
8478027,Lucas Wallmark
8478028,Fredrik Olofsson
8478029,Chase De Leo
8478031,Nelson Nogier
8478036,Christoffer Ehn
8478038,Devon Toews
8478039,Kaapo Kahkonen
8478040,Austin Poganski
8478042,Viktor Arvidsson
8478043,Sam Lafferty
8478046,Danton Heinen
8478047,Michael Bunting
8478048,Igor Shesterkin
8478049,Ben Thomas
8478051,Max Willman
8478055,Gustav Forsling
8478056,Clark Bishop
8478057,Dakota Joshua
8478058,CJ Suess
8478062,Dysin Mayo
8478063,Shane Gersich
8478067,Oskar Lindblom
8478069,Daniel Walcott
8478073,Anton Lindholm
8478074,Anthony Angello
8478075,Anders Bjork
8478078,Rourke Chartier
8478099,Kevin Labanc
8478104,Sammy Blais
8478106,Dylan Sikura
8478109,Victor Olofsson
8478115,Pierre Engvall
8478131,Ondrej Kase
8478133,Jake Evans
8478136,Jake Middleton
8478137,Jiri Sekac
8478146,Matthew Highmore
8478147,Bokondji Imama
8478173,Hayden Hodgson
8478176,Joe Hicketts
8478178,Darren Raddysh
8478211,Dryden Hunt
8478224,Luke Philp
8478233,Andrew Mangiapane
8478250,Vladimir Tkachev
8478268,Jack Rodewald
8478311,Ryan Lowe
8478365,Danick Martel
8478366,Frank Vatrano
8478367,Cole Bardreau
8478371,Matt Lorito
8478373,Nikita Soshnikov
8478376,Casey Bailey
8478393,Kyle Baun
8478396,Noah Hanifin
8478397,Rasmus Andersson
8478398,Kyle Connor
8478399,Jonas Siegenthaler
8478400,Colin White
8478401,Pavel Zacha
8478402,Connor McDavid
8478403,Jack Eichel
8478406,Mackenzie Blackwood
8478407,Vince Dunn
8478408,Travis Dermott
8478409,Anthony Richard
8478413,Jordan Greenway
8478414,Timo Meier
8478415,Jakub Zboril
8478416,Erik Cernak
8478417,Jakob Forsbacka Karlsson
8478420,Mikko Rantanen
8478421,A.J. Greer
8478424,Jansen Harkins
8478425,Brendan Guhle
8478427,Sebastian Aho
8478430,Oliver Kylington
8478431,Evgeny Svechnikov
8478432,Christian Fischer
8478433,Felix Sandstrom
8478434,Keegan Kolesar
8478435,Dan Vladar
8478436,David Kase
8478438,Tommy Novak
8478439,Travis Konecny
8478440,Dylan Strome
8478442,Cooper Marody
8478443,Brandon Carlo
8478444,Brock Boeser
8478445,Mathew Barzal
8478446,Glenn Gawdin
8478447,Nick Merkley
8478449,Roope Hintz
8478450,Parker Wotherspoon
8478451,Ethan Bear
8478452,Caleb Jones
8478454,Noah Juulsen
8478455,Austin Wagner
8478458,Jack Roslovic
8478460,Zach Werenski
8478462,Nicolas Roy
8478463,Anthony Beauvillier
8478465,Guillaume Brisebois
8478466,Daniel Sprong
8478467,Nicolas Meloche
8478468,Jeremy Lauzon
8478469,Thomas Chabot
8478470,Sam Montembeault
8478472,Mathieu Joseph
8478474,Lawson Crouse
8478476,Kyle Capobianco
8478477,Mitchell Stephens
8478480,Blake Speers
8478483,Mitch Marner
8478485,Zach Senyshyn
8478486,Chase Pearson
8478488,Filip Chlapik
8478491,Jacob Larsson
8478492,Ilya Samsonov
8478493,Joel Eriksson Ek
8478495,Denis Gurianov
8478498,Jake DeBrusk
8478499,Adin Hill
8478500,Ivan Provorov
8478502,Dennis Gilbert
8478506,Gabriel Carlsson
8478507,John Marino
8478508,Yakov Trenin
8478512,Austin Czarnik
8478519,Anthony Cirelli
8478528,Tanner Kero
8478541,Markus Hannikainen
8478542,Evan Rodrigues
8478550,Artemi Panarin
8478559,Matthew O'Connor
8478561,Andreas Martinsen
8478562,Jakub Nakladal
8478563,Evgeny Medvedev
8478564,Joonas Kemppainen
8478566,Sergey Kalinin
8478567,Dean Kukan
8478569,Noel Acciari
8478584,Vojtech Mozik
8478585,Derek Ryan
8478831,Kevin Stenlund
8478833,J.C. Beaudin
8478838,Lukas Vejdemo
8478839,Aleksi Saarela
8478840,Will Borgen
8478841,Colton White
8478842,Andrei Mironov
8478843,Denis Malgin
8478844,Mikhail Vorobyev
8478846,Christian Wolanin
8478848,Ales Stezka
8478851,Alexandre Carrier
8478854,Ryan Shea
8478856,Conor Garland
8478857,Dmytro Timashov
8478859,Niko Mikkola
8478864,Kirill Kaprizov
8478866,Dominik Simon
8478868,Christian Jaros
8478870,Rudolfs Balcers
8478872,Karel Vejmelka
8478873,Troy Terry
8478874,Adam Gaudette
8478881,Brett Seney
8478882,Vladislav Gavrikov
8478888,Cameron Hughes
8478891,Mason Appleton
8478902,Erik Kallgren
8478903,Adam Huska
8478904,Steven Lorentz
8478905,Ivan Fedotov
8478906,Markus Nutivaara
8478911,Matt Roy
8478915,Sami Niku
8478916,Joey Daccord
8478922,Miroslav Svoboda
8478928,Sergei Plotnikov
8478933,Michael McNiven
8478949,Kole Sherwood
8478956,Samuel Laberge
8478963,Ryan Johnston
8478965,Kenneth Appleby
8478967,Lane Pederson
8478970,Jalen Chatfield
8478971,Connor Ingram
8478975,Mason Marchment
8478996,Adam Brooks
8478999,Niklas Treutle
8479016,Landon Bow
8479022,Rodrigo Abols
8479026,Philippe Myers
8479066,Ryan Lomberg
8479115,Jorge Alves
8479137,Dustin Smith
8479138,Scott Foster
8479142,Matthew Hewitt
8479188,David Ayres
8479193,Casey DeSmith
8479206,Tanner Fritz
8479249,Andrew Poturalski
8479250,Nick Lappin
8479252,Dan Renouf
8479268,Casey Nelson
8479288,Kasimir Kaskisuo
8479289,Ethan Prow
8479290,Kalle Kossila
8479291,Kevin Rooney
8479292,Charlie Lindgren
8479293,Brandon Tanev
8479294,Kevin Boyle
8479304,Kyle Criscuolo
8479312,Alex Lyon
8479313,Zach Sawchenko
8479314,Matthew Tkachuk
8479315,Joey Anderson
8479316,Luke Kunin
8479318,Auston Matthews
8479320,Maxime Lajoie
8479321,Lucas Johansen
8479322,Wade Allison
8479323,Adam Fox
8479324,Ryan Lindgren
8479325,Charlie McAvoy
8479328,Julien Gauthier
8479329,Frederic Allard
8479330,Brandon Gignac
8479331,Evan Cormier
8479333,Libor Hajek
8479335,Rasmus Asplund
8479336,Carl Grundstrom
8479337,Alex DeBrincat
8479338,Markus Niemelainen
8479339,Patrik Laine
8479341,Cam Dineen
8479343,Clayton Keller
8479344,Jesse Puljujarvi
8479345,Jakob Chychrun
8479346,Dillon Dube
8479347,Tyler Benson
8479348,Kale Clague
8479351,Sam Steel
8479353,Brett Howden
8479355,Olli Juolevi
8479356,Kieffer Bellows
8479358,Carsen Twarynski
8479359,Beck Malenstyn
8479361,Joseph Woll
8479362,Riley Tufte
8479364,Tim Gettinger
8479365,Trent Frederic
8479366,Logan Brown
8479367,William Lockwood
8479368,Max Jones
8479369,Andrew Peeke
8479370,Tyson Jost
8479371,Dante Fabbro
8479372,Joshua Mahura
8479373,Jonathan Dahlen
8479375,William Bitten
8479376,Victor Mete
8479378,Logan Stanley
8479379,Givani Smith
8479380,Dylan Wells
8479381,Nick Caamano
8479382,Connor Bunnaman
8479383,Boris Katchouk
8479385,Jordan Kyrou
8479387,Keaton Middleton
8479388,Riley Stillman
8479390,Taylor Raddysh
8479393,Noah Gregor
8479394,Carter Hart
8479395,Dennis Cholowski
8479398,Samuel Girard
8479399,Evan Fitzpatrick
8479400,Pierre-Luc Dubois
8479402,Jake Bean
8479404,Henrik Borgstrom
8479406,Filip Gustavsson
8479407,Jesper Bratt
8479410,Mikhail Sergachev
8479411,Vitaly Abramov
8479413,Sean Day
8479414,Nathan Bastian
8479415,Michael McLeod
8479416,Ben Gleason
8479419,Brett Murray
8479420,Tage Thompson
8479421,Jacob Moverare
8479423,Alex Nylander
8479424,German Rubtsov
8479425,Filip Hronek
8479432,Nick Ellis
8479439,Jacob MacDonald
8479442,Troy Stecher
8479447,Anthony Greco
8479457,Michael Garteig
8479458,Nikita Zaitsev
8479462,Tarmo Reunanen
8479465,Drake Caggiula
8479466,Patrick Russell
8479481,Lars Johansson
8479482,Michal Kempny
8479483,Yohann Auvitu
8479496,David Rittich
8479510,Egor Korshkov
8479511,Janne Kuokkanen
8479512,Kasper Bjorkqvist
8479514,Rem Pitlick
8479516,Garrett Pilon
8479518,Fredrik Karlstrom
8479520,Brandon Duhaime
8479522,Hardy Haman Aktell
8479523,Lucas Carlsson
8479525,Ross Colton
8479526,Otto Koivula
8479530,Adam Werner
8479533,Joona Koppanen
8479534,Linus Hogberg
8479536,Axel Jonsson-Fjallby
8479542,Brandon Hagel
8479543,Michael Pezzetta
8479546,Oskar Steen
8479547,Matthew Phillips
8479550,Tanner Laczynski
8479553,Maxim Mamin
8479557,Calvin Thurkauf
8479571,Joachim Blichfeld
8479573,Mikhail Maltsev
8479574,Mikhail Berdin
8479576,Vincent Desharnais
8479578,Casey Fitzgerald
8479580,Dylan Gambrell
8479581,Jack LaFontaine
8479587,Rhett Gardner
8479591,Michael Eyssimont
8479594,Nathan Clurman
8479595,Blake Hillman
8479597,Chase Priskie
8479602,Jeremy Davies
8479613,Giovanni Fiore
8479619,Michael Carcone
8479638,Justin Brazeau
8479639,Dylan Coghlan
8479644,Matt Luff
8479648,Roman Lyubimov
8479650,Vadim Shipachyov
8479657,Alexandre Fortin
8479661,Tanner Jeannot
8479671,Mathieu Olivier
8479675,Trevor Moore
8479705,Jeffrey Viel
8479718,Alex Barré-Boulet
8479729,Kristians Rubins
8479734,Brennan Menell
8479746,Tye Felhaber
8479748,Gage Quinney
8479755,Victor Antipin
8479772,Zack MacEwen
8479798,Zachary Andrews
8479868,Eric Semborski
8479933,Gerry Mayhew
8479941,Justin Danforth
8479942,Dominik Shine
8479944,Zachary Aston-Reese
8479945,Gavin Bayreuther
8479968,Vinni Lettieri
8479969,Griffen Molino
8479970,Joseph Gambardella
8479972,Mason Shaw
8479973,Stuart Skinner
8479974,Nolan Patrick
8479975,Keith Petruzzelli
8479976,Juuso Välimäki
8479977,Kailer Yamamoto
8479979,Jake Oettinger
8479980,Nicolas Hague
8479981,Jonah Gadjovich
8479982,Conor Timmins
8479983,Mario Ferraro
8479984,Cal Foote
8479985,Cale Fleury
8479986,Kole Lind
8479987,Morgan Geekie
8479991,Jake Leschyshyn
8479992,Michael Rasmussen
8479994,Jaret Anderson-Dolan
8479996,Cody Glass
8479998,Mikey Anderson
8479999,Casey Mittelstadt
8480001,Urho Vaakanainen
8480002,Nico Hischier
8480003,Jesper Boqvist
8480005,Kristian Vesalainen
8480007,Jonas Rondbjerg
8480008,Adam Ruzicka
8480009,Eeli Tolvanen
8480011,Klim Kostin
8480012,Elias Pettersson
8480014,Gabriel Vilardi
8480015,Owen Tippett
8480018,Nick Suzuki
8480019,Isaac Ratcliffe
8480021,Jack Studnicka
8480022,Michael DiPietro
8480023,Robert Thomas
8480025,MacKenzie Entwistle
8480027,Jason Robertson
8480028,Morgan Frost
8480029,Alex Formenton
8480031,Maxime Comtois
8480032,Shane Bowers
8480034,Joel Teasdale
8480035,Henri Jokiharju
8480036,Miro Heiskanen
8480037,Aleksi Heponiemi
8480039,Martin Necas
8480041,Dmitri Samorukov
8480042,Olle Eriksson Ek
8480043,Timothy Liljegren
8480045,Ukko-Pekka Luukkonen
8480049,Dylan Samberg
8480051,Cayden Primeau
8480053,Sasha Chmelevski
8480054,Reilly Walsh
8480056,Jack Rathbone
8480058,P.O Joseph
8480060,Scott Reedy
8480063,David Farrance
8480064,Josh Norris
8480068,Ryan Poehling
8480069,Cale Makar
8480070,Ian Mitchell
8480071,Robin Salo
8480072,Lias Andersson
8480073,Erik Brannstrom
8480074,Alexandre Texier
8480075,Cameron Crotty
8480078,Filip Chytil
8480081,Michael Kapla
8480082,Justin Kloos
8480083,C.J. Smith
8480084,Nick DeSimone
8480087,Mike Vecchione
8480089,Angus Redmond
8480112,Hunter Miska
8480113,Alex Iafallo
8480143,Jakub Jerabek
8480144,David Kampf
8480145,Neal Pionk
8480147,Oscar Fantenberg
8480153,Victor Ejdsell
8480157,Calle Rosen
8480158,Andreas Borgman
8480160,Radim Simek
8480161,Libor Sulak
8480162,Matiss Kivlenieks
8480163,Philip Holm
8480164,Henrik Haapala
8480172,Jan Rutta
8480184,Gustav Lindstrom
8480185,Eetu Luostarinen
8480186,Alexander Volkov
8480188,Fabian Zetterlund
8480191,Matt Villalta
8480192,Johnathan Kovacevic
8480193,Daniil Tarasov
8480196,Jacob Bryson
8480199,Eetu Makiniemi
8480201,Maksim Sushko
8480205,Emil Bemstrom
8480208,Drake Batherson
8480213,Gilles Senn
8480216,Jacob Peterson
8480220,Noah Cates
8480221,Drake Rymsha
8480222,Sebastian Aho
8480226,Marián Studenic
8480231,Jakub Galvas
8480238,Jiri Patera
8480242,Arnaud Durandeau
8480244,Arvid Holm
8480245,Olle Lycksell
8480246,Nick Perbix
8480247,Jonathan Davidsson
8480252,Cole Guttman
8480259,Ben Jones
8480263,Dylan Ferguson
8480267,Sammy Walker
8480274,Philip Kemp
8480275,Nick Swaney
8480276,Ivan Chekhovich
8480279,Kirill Ustimenko
8480280,Jeremy Swayman
8480281,Alexey Toropchenko
8480289,Morgan Barron
8480291,Skyler Brind'Amour
8480292,Carson Meyer
8480293,Wyatt Kalynuk
8480304,Jayden Halbgewachs
8480306,Grant Hutton
8480313,Logan Thompson
8480314,Max Veronneau
8480326,Sheldon Dries
8480328,David Gust
8480330,Spencer Foo
8480336,Sean Walker
8480341,Adam Johnson
8480355,Mark Kastelic
8480356,Kyle Keyser
8480363,Kaden Fulcher
8480373,Josef Korenar
8480378,Dereck Baribeau
8480382,Alexandar Georgiev
8480384,Alexander True
8480394,Alex D'Orio
8480420,Collin Delia
8480434,Sean Durzi
8480439,Mac Hollowell
8480441,Trey Fix-Wolansky
8480443,Kristian Reichel
8480448,Parker Kelly
8480459,Pius Suter
8480466,Joey Keane
8480467,Austin Strand
8480468,James Hamblin
8480521,Gavin McHale
8480528,Justin Kowalkoski
8480565,Rylan Toth
8480591,Thomas Hodges
8480727,Zach Whitecloud
8480748,Kiefer Sherwood
8480760,Cameron Johnson
8480761,Mitch Reinke
8480762,Eric Robinson
8480769,Joel L'Esperance
8480771,Daniel Brickley
8480776,Sheldon Rempal
8480780,Lukas Radil
8480789,Oliver Wahlstrom
8480796,Martin Fehérváry
8480797,Joel Farabee
8480798,Philipp Kurashev
8480800,Quinn Hughes
8480801,Brady Tkachuk
8480802,Ryan McLeod
8480803,Evan Bouchard
8480806,Isac Lundestrom
8480807,Mattias Samuelsson
8480813,Joe Veleno
8480814,Nicolas Beaudin
8480817,K'Andre Miller
8480819,Jakub Skarek
8480820,Filip Kral
8480821,Filip Zadina
8480822,Martin Kaut
8480823,Alexander Alexeyev
8480825,Patrick Giles
8480828,Michael Callahan
8480829,Jesperi Kotkaniemi
8480830,Andrei Svechnikov
8480831,Alec Regula
8480833,Vitali Kravtsov
8480834,Ty Emberson
8480835,Jack Drury
8480836,Jonathan Gruden
8480839,Rasmus Dahlin
8480840,Oskar Bäck
8480842,Filip Hallander
8480843,Lukas Dostal
8480844,Grigori Denisenko
8480845,Rasmus Kupari
8480846,Sampo Ranta
8480847,Ryan Merkley
8480848,Ty Dellandrea
8480849,Barrett Hayton
8480851,Akil Thomas
8480853,Liam Foudy
8480855,Jack McBain
8480857,Jacob Ingham
8480858,Cam Hillis
8480860,Kevin Bahl
8480863,Gabriel Fortier
8480865,Noah Dobson
8480867,Kevin Mandolese
8480870,Bo Groulx
8480871,Adam Boqvist
8480873,Rasmus Sandin
8480874,Adam Ginning
8480876,Curtis Douglas
8480878,Nils Lundkvist
8480879,Jacob Bernard-Docker
8480880,Jakub Lauko
8480883,Ty Smith
8480884,Calen Addison
8480885,Olivier Rodrigue
8480887,Jordan Harris
8480890,Jan Jenik
8480891,Michael Kesselring
8480893,Kirill Marchenko
8480901,Karson Kuhlman
8480913,Jordan Gross
8480925,Pavel Francouz
8480935,Lawrence Pilut
8480940,Joel Persson
8480943,Igor Ozhiganov
8480944,Par Lindholm
8480945,Juuso Riikola
8480946,Dominik Kahun
8480947,Kevin Lankinen
8480948,Egor Yakovlev
8480950,Ilya Lyubushkin
8480954,Jacob Nilsson
8480955,Bogdan Kiselevich
8480965,Antti Suomela
8480977,Semyon Der-Arguchintsev
8480979,Nate Smith
8480980,Connor Dewar
8480981,Joel Hofer
8480988,Riley Damiani
8480990,Declan Chisholm
8480992,Magnus Chrona
8480994,Damien Giroux
8480995,Pontus Holmberg
8480997,Victor Brattstrom
8481001,Veini Vehvilainen
8481003,Hunter Drew
8481004,Josiah Slavin
8481006,Tyler Tucker
8481013,Jonatan Berggren
8481014,Alexander Romanov
8481016,Ruslan Iskhakov
8481019,David Gustafsson
8481020,Justus Annunen
8481024,Linus Karlsson
8481028,Martin Pospisil
8481030,Jack St. Ivany
8481031,Ivan Prosvetov
8481032,Paul Cotter
8481033,Akira Schmid
8481035,Samuel Ersson
8481042,Nikolai Kovalenko
8481043,Cole Koepke
8481056,Spencer Stastney
8481058,Jesse Ylonen
8481059,Scott Perunovich
8481061,Jasper Weatherby
8481064,Mitchell Gibson
8481065,Angus Crookshank
8481068,Yegor Sharangovich
8481070,Hugh McGing
8481072,Tim Berni
8481077,John Leonard
8481093,Rafael Harvey-Pinard
8481102,Egor Sokolov
8481105,Otto Leskinen
8481122,Simon Benoit
8481133,Cole Reinhardt
8481147,Reese Johnson
8481161,Jake Christiansen
8481167,Brayden Pachal
8481178,Egor Zamula
8481186,Logan O'Connor
8481206,John Ludvig
8481237,Kyle MacLean
8481239,Samuel Fagemo
8481326,Dustin Nickel
8481422,Jake Lucchini
8481425,Josh Teves
8481426,Ryan Kuffner
8481433,Taro Hirose
8481441,Joe Snively
8481442,Brady Keeper
8481461,Corey Schueneman
8481462,Mason Morelli
8481477,Nico Sturm
8481479,Brogan Rafferty
8481481,Blake Lizotte
8481486,Jimmy Schuldt
8481489,Jon Lizotte
8481491,Noah Philp
8481501,Artyom Zagidulin
8481515,Danil Yurtaykin
8481516,Joel Kellman
8481517,Brett Leason
8481518,Nolan Foote
8481519,Spencer Knight
8481520,Isaiah Saville
8481521,Ronnie Attard
8481522,Peyton Krebs
8481523,Kirby Dach
8481524,Bowen Byram
8481525,Matthew Robertson
8481527,Kaedan Korczak
8481528,Dylan Cozens
8481529,Trent Miner
8481530,Brayden Tracey
8481532,Alex Turcotte
8481533,Trevor Zegras
8481534,Raphael Lavoie
8481535,Nils Hoglander
8481536,Daniil Misyul
8481537,Nikita Okhotiuk
8481540,Cole Caufield
8481541,Samuel Bolduc
8481542,Moritz Seider
8481543,Nikita Alexandrov
8481544,Mads Sogaard
8481546,Cam York
8481550,Adam Beckman
8481551,Colten Ellis
8481552,Artemi Kniazev
8481553,Bobby Brink
8481554,Kaapo Kakko
8481555,Mattias Norlinder
8481556,John Beecher
8481557,Matt Boldy
8481558,John Farinacci
8481559,Jack Hughes
8481560,Arthur Kaliyev
8481562,Domenick Fensore
8481563,Drew Helleson
8481564,Ryan Johnson
8481567,Henry Thrun
8481568,Alex Vlasic
8481572,Ville Heinola
8481575,Lassi Thomson
8481576,Ryan Suzuki
8481577,Philip Tomasino
8481578,Graeme Clarke
8481580,Connor McMichael
8481581,Thomas Harley
8481582,Nicholas Robertson
8481585,Egor Afanasyev
8481591,Sam Poulin
8481592,Jakob Pelletier
8481593,Jayden Struble
8481594,Nathan Légaré
8481596,Shane Pinto
8481597,Hugo Alnefelt
8481598,Philip Broberg
8481599,Victor Soderstrom
8481600,Tobias Bjornfot
8481601,Simon Holmstrom
8481604,Pavel Dorofeyev
8481605,Jackson LaCombe
8481606,Jordan Spence
8481607,Albert Johansson
8481609,Vladislav Kolyachonok
8481611,Pyotr Kochetkov
8481617,Vasily Podkolzin
8481618,Alex Newhook
8481624,Ilya Mikheyev
8481626,Arttu Ruotsalainen
8481629,Olle Alsing
8481630,Alexander Yelesin
8481637,Anton Wedin
8481638,Joakim Nygard
8481640,Lean Bergmann
8481641,Joel Kiviranta
8481642,Andrei Chibisov
8481643,Emil Larmi
8481649,Joona Luoto
8481650,Jakob Lilja
8481655,Cole Schwindt
8481656,Aliaksei Protas
8481657,Viktor Lodin
8481668,Arturs Silovs
8481679,Maxence Guenette
8481683,Aidan McDonough
8481689,Vadim Zherenko
8481690,Tyler Angle
8481692,Dustin Wolf
8481699,Aku Raty
8481701,Santeri Hatakka
8481703,Valtteri Puustinen
8481704,Juuso Parssinen
8481707,Erik Portillo
8481708,Zac Jones
8481709,Ilya Konovalov
8481711,Matias Maccelli
8481712,Matěj  Blümel
8481716,Dmitri Voronkov
8481719,Max Crozier
8481720,Nick Abruzzese
8481721,Arseny Gritsyuk
8481725,Elmer Soderblom
8481726,Adam Edstrom
8481732,Andre Lee
8481737,Matt Stienburg
8481740,Tyce Thompson
8481743,Marc Del Gaizo
8481751,Lukas Rousek
8481754,Nikita Nesterenko
8481789,Tye Kartye
8481806,Louis Crevier
8481812,Nikolai Knyzhov
8481813,Gaetan Haas
8481815,Bryce Kindopp
8481827,Ben McCartney
8481848,Jacob Gaucher
8481849,Zack Hayes
8481935,Alexander Bishop
8482055,Drew O'Connor
8482061,Brandon Biro
8482062,Cole Smith
8482063,Marc Michaelis
8482067,Connor Mackey
8482070,Mitchell Chaffee
8482072,Jack Ahcan
8482073,Braden Schneider
8482074,Connor Zary
8482076,Nico Daws
8482077,Dylan Holloway
8482078,Lucas Raymond
8482079,Marco Rossi
8482081,Sean Farrell
8482087,Kaiden Guhle
8482088,Justin Sourdif
8482089,Jake Neighbours
8482090,Jack Finley
8482092,Ridly Greig
8482093,Seth Jarvis
8482094,Daemon Hunt
8482095,Tyler Kleven
8482097,Jack Quinn
8482100,Alexander Nikishin
8482101,Danil Gushchin
8482102,Vasily Ponomarev
8482103,Ozzy Wiesblatt
8482105,Jake Sanderson
8482109,Alexis Lafrenière
8482110,Dawson Mercer
8482111,Justin Barron
8482113,Anton Lundell
8482116,Tim Stützle
8482117,Lukas Reichel
8482118,Sam Colangelo
8482122,Brock Faber
8482123,Drew Commesso
8482124,Quinton Byfield
8482125,Alexander Holtz
8482126,Emil Andrae
8482131,Donovan Sebrango
8482132,Brett Berard
8482133,Thomas Bordeleau
8482137,Yaroslav Askarov
8482141,Lukas Cormier
8482142,Jamie Drysdale
8482144,Jack Thompson
8482145,Mavrik Bourque
8482146,Luke Evangelista
8482147,Jean-Luc Foudy
8482148,Hendrix Lapierre
8482149,Cole Perfetti
8482150,Jacob Perreault
8482153,Brendan Brisson
8482155,Alex Laferriere
8482157,Will Cuylle
8482159,Tyson Foerster
8482162,Roby Jarventie
8482165,Yan Kuznetsov
8482166,Shakir Mukhamadullin
8482169,Helge Grans
8482172,Landon Slaggert
8482175,JJ Peterka
8482176,Wyatt Kaiser
8482177,Marat Khusnutdinov
8482178,Ian Moore
8482179,Justin Richards
8482181,Tristen Robins
8482192,Isaak Phillips
8482193,Dylan Garand
8482197,Adam Raska
8482201,Gage Goncalves
8482206,Ethan Cardwell
8482207,William Dufour
8482209,Rory Kerins
8482213,Riley Duran
8482221,Devon Levi
8482222,Alexander Barabanov
8482240,Mathias Brome
8482241,Radim Zohorna
8482243,Linus Sandin
8482245,Artem Zub
8482246,Alexei Melnichuk
8482247,Mikko Lehtonen
8482248,Fredrik Handemark
8482250,Callahan Burke
8482259,Bobby McMann
8482369,Brinson Pasichnuk
8482399,Billy Sweezey
8482408,Jeff Malott
8482411,Hunter Shepard
8482445,Devin Cooley
8482446,Joel Blomqvist
8482447,Leevi Meriläinen
8482448,Samuel Knazko
8482451,Mikael Pyyhtia
8482452,Elliot Desnoyers
8482460,Matt Rempe
8482465,Rémi Poirier
8482470,Ilya Solovyov
8482475,Yegor Chinakhov
8482476,Emil Heineman
8482477,Calle Clang
8482482,Adam Wilsby
8482487,Jakub Dobes
8482496,Nils Aman
8482507,Chase Bradley
8482511,Mason Lohrei
8482516,Matthew Kessel
8482528,Cale Morris
8482623,Josh Dunne
8482624,Daniil Miromanov
8482626,Stefanos Lekkas
8482634,Alex Steeves
8482635,Mike Hardman
8482641,Matt Kiersted
8482642,Adam Scheel
8482652,Walker Duehr
8482654,Jackson Cates
8482655,J.J. Moser
8482657,Sebastian Cossa
8482659,Josh Doan
8482660,Kent Johnson
8482661,Jesper Wallstedt
8482663,Dylan Duke
8482665,Matty Beniers
8482666,Scott Morrow
8482667,William Eklund
8482668,Tristan Lennox
8482671,Owen Power
8482679,Matt Coronato
8482684,Luke Hughes
8482691,Aatu Raty
8482699,Dylan Guenther
8482700,Nolan Allan
8482702,Logan Stankoven
8482703,Colton Dach
8482705,Cole Sillinger
8482711,Stanislav Svozil
8482712,Oskar Olausson
8482713,Mackie Samoskevich
8482715,Ryan Ufko
8482720,Matthew Knies
8482726,Samuel Helenius
8482730,Brandt Clarke
8482733,Logan Mailloux
8482737,Zack Bolduc
8482740,Wyatt Johnston
8482742,Zachary L'Heureux
8482744,James Malatesta
8482745,Mason McTavish
8482747,Brennan Othmann
8482749,Joshua Roy
8482751,Ryan Winterton
8482758,Ville Koivunen
8482762,Simon Edvinsson
8482763,Fabian Lysell
8482765,Isak Rosen
8482768,Fedor Svechkov
8482775,Oliver Kapanen
8482783,Aleksei Kolosov
8482784,Zach Dean
8482785,Justin Robidas
8482787,Nikita Chibrikov
8482802,Carter Mazur
8482803,Olen Zellweger
8482807,Ethan Del Mastro
8482809,Jackson Blake
8482815,Kirill Semyonov
8482821,Arvid Soderblom
8482824,Nick Cicek
8482829,Michael Milne
8482834,Jesper Froden
8482858,Ryker Evans
8482859,Zack Ostapchuk
8482861,Vincent Iorio
8482866,Ville Ottavainen
8482874,Jacob Melanson
8482896,Tyson Kozak
8482929,Emil Lilleberg
8482947,Zakhar Bardakov
8482964,Arber Xhekaj
8482982,Jet Greaves
8483012,Logan Morrison
8483017,Frederic Brunet
8483045,Cameron Butler
8483122,Mack Guzda
8483158,Matthew Berlin
8483166,Kyle Shapiro
8483181,Joseph O'Brien
8483182,Kyle Konin
8483183,Jett Alexander
8483395,Arshdeep Bains
8483397,Marc McLaughlin
8483398,Declan Carlile
8483401,Marc Johnstone
8483406,Taylor Ward
8483407,Brandon Scanlin
8483424,Owen Beck
8483425,Lian Bichsel
8483429,Seamus Casey
8483431,Logan Cooley
8483432,Luca Del Bel Belluz
8483445,Cutter Gauthier
8483447,Conor Geekie
8483448,Isaiah George
8483450,Ryan Greene
8483452,Hunter Haight
8483455,Isaac Howard
8483457,Lane Hutson
8483460,David Jiricek
8483461,Devin Kaplan
8483464,Marco Kasper
8483465,Joakim Kemell
8483466,Kevin Korchinski
8483467,Kirill Kudryavtsev
8483468,Jiri Kulich
8483471,Brad Lambert
8483472,Maveric Lamoureux
8483476,Jonathan Lekkerimäki
8483481,Cam Lund
8483482,Tristan Luneau
8483485,Denton Mateychuk
8483487,Rutger McGroarty
8483489,Fraser Minten
8483490,Pavel Mintyukov
8483491,Ivan Miroshnichenko
8483493,Frank Nazar
8483495,Simon Nemec
8483497,Jani Nyman
8483499,Liam Ohgren
8483500,Noah Ostlund
8483503,Owen Pickering
8483505,Matthew Poitras
8483506,Sam Rinzel
8483512,Matt Savoie
8483515,Juraj Slafkovský
8483516,Jimmy Snuggerud
8483524,Shane Wright
8483525,Danila Yurov
8483530,Jaxson Stauber
8483531,Brian Halonen
8483532,Clay Stevenson
8483538,Owen Sillinger
8483546,Marshall Rifai
8483548,Brandon Bussi
8483549,Lucas Condotta
8483553,Marc Gatcomb
8483565,Nick Blankenburg
8483567,Georgii Merkulov
8483569,Wyatt Aamodt
8483570,Ben Meyers
8483573,Ethen Frank
8483575,Matt Murray
8483597,Milos Kelemen
8483609,Adam Klapka
8483619,Filip Roos
8483620,Marcus Bjork
8483630,Pavol Regenda
8483641,Anton Levtchi
8483659,Isaac Poulter
8483668,Nikke Kokko
8483678,Elias Pettersson
8483690,Noah Laba
8483710,Dennis Hildeby
8483733,Nikita Grebenkin
8483763,Maksymilian Szuber
8483768,Victor Mancini
8483808,Andrei Kuzmenko
8483920,Pierrick Dube
8483930,Ivan Ivan
8484125,Hunter McKown
8484135,Parker Ford
8484136,Max Sasson
8484144,Connor Bedard
8484145,Zach Benson
8484149,Gavin Brindley
8484150,Hunter Brzustewicz
8484152,Luca Cagnoni
8484153,Leo Carlsson
8484158,Easton Cowan
8484164,Dalibor Dvorsky
8484166,Adam Fantilli
8484180,Samuel Honzek
8484186,Ryan Leonard
8484197,Oliver Moore
8484203,Bradly Nadeau
8484210,Gabe Perreault
8484221,Calum Ritchie
8484223,Axel Sandin-Pellikka
8484227,Will Smith
8484234,Aydar Suniev
8484241,Matthew Wood
8484254,Akito Hirose
8484255,Jason Polin
8484256,Jake Livingstone
8484258,Sam Malinski
8484259,Ondrej Pavel
8484268,Nikita Tolopilo
8484287,Cole McWard
8484290,Nick Chenard
8484292,Matt Onuska
8484293,Yaniv Perets
8484297,Reid Cooper
8484298,Samuel Richard
8484304,Uvis Balinskis
8484312,Georgi Romanov
8484314,Jiri Smejkal
8484321,Nikolas Matinpalo
8484325,Waltteri Merela
8484326,Patrik Koch
8484386,Dmitri Simashev
8484387,Matvei Michkov
8484406,Ty Mueller
8484471,Emmitt Finnie
8484620,Tyler Palmer
8484762,Beckett Sennecke
8484768,Zayne Parekh
8484779,Jett Luchanko
8484783,Artyom Levshunov
8484794,Michael Brandsegg-Nygård
8484798,Zeev Buium
8484801,Macklin Celebrini
8484806,Sam Dickinson
8484821,Sam Morton
8484829,Justin Hryckowian
8484839,Harrison Brunicke
8484860,Matvei Gridin
8484901,Jacob Quillan
8484910,Victor Ostman
8484911,Collin Graf
8484929,Juha Jaaska
8484938,Arttu Hyry
8484958,Maxim Tsyplakov
8484976,Jere Innala
8484984,Ivan Demidov
8485105,Nikita Prishchepov
8485366,Matthew Schaefer
8485385,Braeden Cootes
8485402,Michael Misa
8485405,Brady Martin
8485414,Ben Kindel
8485469,Jack Williams
8485483,Karsen Dorwart
8485493,David Tomasek
8485511,Quinn Hutson
8485512,Tim Washe
8485702,Max Shabanov
